{"8fmLEExbuTz+XwQOaWx/ag==":"mbr-1620x1080.jpg","BVnWmSpuMiCQ+B5aRvsXvQ==":"whatsapp%20image%202020-02-19%20at%2021.01.05-1000x1000.jpg","D03ocEIfb8/EfX1Ga/mYlQ==":"whatsapp%20image%202020-02-19%20at%2021.01.05-1000x1000.jpg","qfiSIN8Mv2sr6EH9+oX5PA==":"mbr-1350x1080.jpg","FYrsz0mkAe8RPSl2wPPfqw==":"artboard%203-972x972.png","ihlkf69UyfSmhSyJ1Jvc6w==":"jumbotron.jpg","aGTkJGXwyJMK6yBUeCtByg==":"mbr-1-1620x1080.jpg","dN5E/pdi/3a1+DoI9Y1wrw==":"mbr-2-1620x1080.jpg","7JhzsSuj24LAUaoBgKDPag==":"mbr-864x1080.jpg","HoeEF4HfT9nMa9Cg+v0y1w==":"02.jpg","/5TxP6rB5Xsj6wML99MSww==":"logo2.png","vmmAR390GOgJ3k+ZEDaV+A==":"mbr-3-1620x1080.jpg","jQJtvHODkMu0alwa4Z7iIw==":"mbr-720x1080.jpg"}